15,16,19,36,42,107,112,127,143,146,158,159,211
75
63
164
183
43
229,234,237,260,262,266,274,287,300,324,337,416,452,469,492,494
198,321
332
480
130,134
519
231
125,403
152
10,405
37,131,157,175
24,194
108,233,265,267,282,307,394,431,435,481,502,526,532
504
293
283,284
34,155
425,460,468,475
305
44,53,56
38,87,100
74
106,374,509
5,6,58,96,184,223,253,254,255,325,331,336,340,358,407,414,415,417,457,458,464,467,498,506,525,531
440
338
123
139,141,163,188
86,149
28,32,79,111,117,170,200,225,235,279,280,303,352,354,360,363,422,477,478
298,400,473
311,319,345,346,444
357
210,520
90
173,356
95
495
114,413
12,13,272,419
17,263
25,385
384
238,239,511
288
45,178,217,222,228,240,264,276,299,320,353,370,373,383,427,446,453,471,522,524,534
153,459
361
241
192
493
154
105,528
0
190
110,197
113,243
285
165
339,378
381
35,91
201
191
273
365
301
421,486
472
136
147,351
294
3,14,103,227,500
286
309
83
397
169,203,334,349
48
529
507
226,275,463,487
148,185
39,41,81,94,99,101,118,135,137,144,167,206
72
4,31,33,47,66,68,89,97,138,145,177,199,202,204
52,73,119,133
128
22
323
242
218,271,281,322,364,379,386,398,423,465,479
219,224,232,246,252,258,259,269,277,315,318,372,376,377,402,404,406,408,430,432,439,474,476,496,515,521,523,530,535
410
64,312
302,388,389,395,484,488,489
221
503,505,508
455
527
62,168,350
171
77,326
49
60
244,313,438
450,451
30,308
268
76,359,369
92
278
292
443
174
214
27,375
1
180
179
456
104
250
102,251,342
21,57,270,316
7
501
59
71
391,424
82,85
84
150,172,176
40
441
247
2,29,510
70
93
181,429
50,51,55,67,69,109,115,116,120,121,122,124,140,156,161,187,189,193,205,209
126
129,160,186
20,23
9,11,61,65,78,80,230,249,256,290,291,295,296,297,304,314,329,333,335,341,344,355,362,366,367,368,371,399,401,420,426,436,437,447,461,462,470,490,497,499,518,533
317,330,382,387,393,396,433,449,454,483,491,516
257,412
289,392
517
132,166
245
512,513
306,310
182
195
98,142,213
54,151
46
380,428
8,18,162,207,208,212,216,220,343,409,411,418,434,442,445,482
347,348,448
196,236,248,390,466,485
215
514
26,88,261,327,328
