15,16,19,36,42,43,75,107,112,127,143,146,158,159,164,183,211
229,234,237,260,262,266,274,287,300,321,324,337,416,452,469,480,492,494
130,134
231,519
63
198,332
125,152,403
10,405
24,37,131,157,175,194
108,233,265,267,282,283,284,307,394,431,435,481,502,504,526,532
293
305
34,155
425,460,468,475
45,178,217,222,228,238,239,240,264,276,288,299,320,353,370,373,383,427,446,453,471,511,522,524,534
153,459
361
192,493
154
105,528
0
110,113,165,197,243,285,339,378
35,91,191,201,273,381
294,301,421,472,486
3,14,103,147,227,351,500
286
48,148,169,185,203,226,275,309,334,349,397,463,487
83,507,529
44,53,56,106,374,509
210,520
38,74,87,90,100
5,6,58,96,184,223,241,253,254,255,325,331,336,338,340,358,407,414,415,417,440,457,458,464,467,498,506,525,531
12,13,272,419
17,263
190
495
114,413
123
25,28,32,79,86,111,117,139,141,149,163,170,188,200,225,235,279,280,303,319,345,346,352,354,360,363,385,422,444,477,478
357
173,356
311,400
298,384,473
95
365
136
39,41,81,94,99,101,118,135,137,144,167,206
218,271,281,322,364,379,386,398,423,465,479
214,221
150,172,176,391
247
2,29,510
93
50,51,55,67,69,109,115,116,120,121,122,124,126,140,156,161,187,189,193,205,209
20,23
132,166
9,11,61,65,78,80,230,249,256,290,291,295,296,297,304,314,329,333,335,341,344,355,362,366,367,368,371,399,401,420,426,436,437,447,461,462,470,490,497,499,517,518,533
380,428
257,412
62,72,77,168,171,326,350
40
98,142,213
8,18,46,54,151,162,207,208,212,216,220,343,409,411,418,434,442,445,482
76,268,359,369
92
26,88,261,327,328
450,451
82,85
347,348,448
514
4,22,31,33,47,66,68,89,97,128,138,145,177,199,202,204
129,160,186
71
64,219,224,232,242,246,252,258,259,269,277,312,315,318,372,376,377,402,404,406,408,410,430,432,439,474,476,496,515,521,523,527,530,535
302,323,388,389,395,484,488,489
317,330,382,387,393,396,433,449,454,483,491,516
289,392
52,73,119,133
181,424,455,503,505,508
512,513
30,49,60,244,308,313,438
84,441
195
196,236,248,390,466,485
7,250
251
27,245,278,456
59,102,215,342,501
21,57,270,316
429
292,443
70,174
1,179,180,182,375
104
306,310
